dataset,model_type,attack_type,attack_epsilon,clean_prauc_baseline,clean_prauc_input_val,robust_prauc_baseline,robust_prauc_input_val,robust_f1_baseline,robust_f1_input_val,robust_recall_baseline,robust_recall_input_val,delta_robust_pr_auc,delta_robust_f1,delta_robust_recall
ccfd,neural,capgd,0.1,0.7248333333333333,0.5259333333333333,0.5808666666666666,0.3301,0.0796,0.07103333333333332,0.8605666666666667,0.8231,-0.25076666666666664,-0.00856666666666668,-0.03746666666666665
ccfd,tree,capgd,0.1,0.8511000000000001,0.7046666666666667,0.8511000000000001,0.7046666666666667,0.8454333333333334,0.34349999999999997,0.7686999999999999,0.2211,-0.14643333333333342,-0.5019333333333333,-0.5476
ieee_cis,neural,capgd,0.1,0.44553333333333334,0.37476666666666664,0.0694,0.0182,0.0068000000000000005,0.004066666666666666,0.0782,0.050533333333333326,-0.0512,-0.002733333333333334,-0.02766666666666668
ieee_cis,tree,capgd,0.1,0.5659666666666667,0.5378,0.5659666666666667,0.5378,0.48150000000000004,0.426,0.33726666666666666,0.2819666666666667,-0.028166666666666784,-0.05550000000000005,-0.05529999999999996
lcld,neural,capgd,0.1,0.3082666666666667,0.29996666666666666,0.10510000000000001,0.10510000000000001,0.0001,0.0,0.0002666666666666666,0.0,0.0,-0.0001,-0.0002666666666666666
lcld,tree,capgd,0.1,0.36833333333333335,0.3669,0.36833333333333335,0.3669,0.11693333333333333,0.0976,0.0656,0.05343333333333333,-0.001433333333333342,-0.019333333333333327,-0.012166666666666673
sparkov,neural,capgd,0.1,0.5793666666666667,0.4312666666666667,0.0053,0.004966666666666667,0.0002666666666666666,0.0,0.0033333333333333335,0.0,-0.00033333333333333305,-0.0002666666666666666,-0.0033333333333333335
sparkov,tree,capgd,0.1,0.7467,0.23153333333333334,0.7467,0.23153333333333334,0.6421666666666667,0.1477,0.5410333333333334,0.0804,-0.5151666666666667,-0.49446666666666667,-0.46063333333333334
