dataset,model_type,attack_type,attack_epsilon,clean_prauc_baseline,clean_prauc_input_val,robust_prauc_baseline,robust_prauc_input_val,robust_f1_baseline,robust_f1_input_val,robust_recall_baseline,robust_recall_input_val,delta_robust_pr_auc,delta_robust_f1,delta_robust_recall
ccfd,neural,capgd,0.1,0.7270166666666666,0.6117,0.58395,0.4223,0.08248333333333334,0.06523999999999999,0.85715,0.8448800000000001,-0.16164999999999996,-0.017243333333333347,-0.012269999999999892
ccfd,tree,capgd,0.1,0.8511000000000001,0.76796,0.8511000000000001,0.76796,0.8454333333333334,0.55278,0.7686999999999999,0.45102000000000003,-0.0831400000000001,-0.2926533333333333,-0.3176799999999999
ieee_cis,neural,capgd,0.1,0.4458,0.37476666666666664,0.07141666666666667,0.0182,0.007050000000000001,0.004066666666666666,0.08255,0.050533333333333326,-0.05321666666666667,-0.0029833333333333344,-0.03201666666666667
ieee_cis,tree,capgd,0.1,0.5659666666666667,0.5378,0.5659666666666667,0.5378,0.48150000000000004,0.426,0.33726666666666666,0.2819666666666667,-0.028166666666666784,-0.05550000000000005,-0.05529999999999996
lcld,neural,capgd,0.1,0.3081833333333333,0.29996666666666666,0.10510000000000001,0.10510000000000001,0.00015,0.0,0.00035000000000000005,0.0,0.0,-0.00015,-0.00035000000000000005
lcld,tree,capgd,0.1,0.36833333333333335,0.3669,0.36833333333333335,0.3669,0.11693333333333333,0.0976,0.0656,0.05343333333333333,-0.001433333333333342,-0.019333333333333327,-0.012166666666666673
sparkov,neural,capgd,0.1,0.5920166666666667,0.49924,0.005316666666666667,0.0051400000000000005,0.0001333333333333333,0.0,0.0016666666666666668,0.0,-0.00017666666666666612,-0.0001333333333333333,-0.0016666666666666668
sparkov,tree,capgd,0.1,0.7467,0.43772,0.7467,0.43772,0.6421666666666667,0.35716000000000003,0.5410333333333334,0.28844,-0.30898000000000003,-0.28500666666666663,-0.2525933333333334
