dataset,model_type,attack_type,attack_epsilon,clean_prauc_baseline,clean_prauc_input_val,robust_prauc_baseline,robust_prauc_input_val,robust_f1_baseline,robust_f1_input_val,robust_recall_baseline,robust_recall_input_val,delta_robust_pr_auc,delta_robust_f1,delta_robust_recall
ccfd,neural,capgd,0.1,0.7311666666666667,0.7402666666666667,0.5961,0.15453333333333333,0.056133333333333334,0.05603333333333333,0.8537666666666667,0.7822999999999999,-0.44156666666666666,-0.00010000000000000286,-0.07146666666666679
ccfd,tree,capgd,0.1,0.8511000000000001,0.8511000000000001,0.8511000000000001,0.7046666666666667,0.8454333333333334,0.34349999999999997,0.7686999999999999,0.2211,-0.14643333333333342,-0.5019333333333333,-0.5476
ieee_cis,neural,capgd,0.1,0.44826666666666665,0.4258,0.0776,0.01846666666666667,0.008266666666666667,0.005566666666666667,0.09873333333333334,0.06953333333333334,-0.05913333333333333,-0.0027,-0.029200000000000004
ieee_cis,tree,capgd,0.1,0.5659666666666667,0.5659666666666667,0.5659666666666667,0.5378,0.48150000000000004,0.426,0.33726666666666666,0.2819666666666667,-0.028166666666666784,-0.05550000000000005,-0.05529999999999996
lcld,neural,capgd,0.1,0.30416666666666664,0.3038,0.10510000000000001,0.10510000000000001,0.0003,0.00013333333333333334,0.0007666666666666667,0.0002666666666666667,0.0,-0.00016666666666666663,-0.0005
lcld,tree,capgd,0.1,0.36833333333333335,0.36833333333333335,0.36833333333333335,0.3669,0.11693333333333333,0.0976,0.0656,0.05343333333333333,-0.001433333333333342,-0.019333333333333327,-0.012166666666666673
sparkov,neural,capgd,0.1,0.6189333333333333,0.6109666666666667,0.0056,0.0053,0.0005,0.0,0.005033333333333333,0.0,-0.0002999999999999999,-0.0005,-0.005033333333333333
sparkov,tree,capgd,0.1,0.7467,0.7467,0.7467,0.23153333333333334,0.6421666666666667,0.1477,0.5410333333333334,0.0804,-0.5151666666666667,-0.49446666666666667,-0.46063333333333334
