variant,clean_recall,adv,adv_ctr,gap_pp,feasible_rate
unmasked,0.5541595278888254,0.00266514372739387,0.5537787930706263,55.111364934323234,0.0013795674869500373
masked,0.5541595278888254,0.00875690081857986,0.5535884256615268,54.48315248429469,0.0021998508575689782
