pair,kendall_tau,kendall_p,spearman_rho,spearman_p
Original vs F1,0.6633249791144529,7.642834254088283e-16,0.7924657174381335,3.0191855431401114e-16
Original vs MCC,0.6825396825396827,1.1019028585977987e-16,0.8117655300443087,1.5372412097627355e-17
Original vs AUC,0.6812292026510772,9.664597677396257e-17,0.8222907844360968,2.613841026826108e-18
Original vs Harmonic,0.734558121594374,6.963960769289955e-19,0.8628838921701062,7.82272133071912e-22
