seed,clean_pr_auc,clean_accuracy,clean_recall,clean_f1,robust_pr_auc,robust_accuracy,robust_recall,robust_f1
42,0.2995495021409919,0.6480238627889635,0.5406434418427565,0.37566137566137564,0.10506861825992526,0.20533184190902312,0.0015229392727964973,0.0007501523747011112
123,0.3011625488752672,0.6368754660700969,0.5785265562535694,0.38427008914459126,0.10526306221306364,0.15089485458612975,0.0020940415000951836,0.0009651239306865541
456,0.3037866893213691,0.6407531692766593,0.5528269560251285,0.3760927280968724,0.10508561492426696,0.16021625652498137,0.0015229392727964973,0.0007098806513154976
