seed,clean_pr_auc,clean_accuracy,clean_recall,clean_f1,robust_pr_auc,robust_accuracy,robust_recall,robust_f1
42,0.2995495021409919,0.6480238627889635,0.5406434418427565,0.37566137566137564,0.10505389427218377,0.07583892617449664,0.0005711022272986865,0.0002420135527589545
123,0.3011625488752672,0.6368754660700969,0.5785265562535694,0.38427008914459126,0.10524428123434232,0.041312453392990306,0.0005711022272986865,0.0002332996344972393
456,0.3037866893213691,0.6407531692766593,0.5528269560251285,0.3760927280968724,0.10506410438726627,0.046308724832214765,0.00019036740909956216,7.818608287724784e-05
