dataset,clean_feas_mean,clean_feas_std,adv_feas_mean,adv_feas_std,clean_pr_auc_mean,robust_pr_auc_mean,robust_pr_auc_std
ieee_cis,0.9999435554426664,9.776484111243921e-05,0.00022577822933423643,0.00017624807378428014,0.4323730595284798,0.0634248754425531,0.005060155581742511
lcld,0.9980362913248819,0.00019133487842830002,0.0013298533432761623,0.0004021548517863146,0.2925000378409218,0.10505637019917424,4.0911232856375975e-06
sparkov,0.9930180666522709,0.00035227762093233004,0.011498596415461025,0.006356661421704397,0.5692160637462683,0.005312538754310862,7.984759126922683e-05
ccfd,1.0,0.0,1.0,0.0,0.6549482268524783,0.5753142063217247,0.2295162494904265
