seed,attack,clean_pr_auc,clean_accuracy,clean_recall,robust_pr_auc,robust_accuracy,robust_recall,clean_feasibility,adv_feasibility,flipped_positives,feasible_flipped,attack_time_sec,adv_g1_installment,adv_g2_open_total,adv_g3_bankruptcy,adv_g4_term_ohe
42,unconstrained,0.30365746523235654,0.6477255779269202,0.5377879307062631,0.1050544313625675,0.051715137956748695,0.00019036740909956216,0.9979865771812081,0.0017524235645041014,2824,3,0.2,0.017524235645041013,0.9837434750186428,0.7912751677852349,0.21327367636092467
42,g1proj,0.30365746523235654,0.6477255779269202,0.5377879307062631,0.10505444934640808,0.054958985831469055,0.00019036740909956216,0.9979865771812081,0.7785234899328859,2824,1970,0.2,1.0,0.9839299030574198,0.7912751677852349,1.0
123,unconstrained,0.3039958355879998,0.6460477255779269,0.5484485056158386,0.10505399342863185,0.020954511558538405,0.0020940415000951836,0.9982475764354959,0.0008948545861297539,2870,2,0.1,0.008538404175988069,0.9798284862043252,0.8110365398956003,0.1587621178225205
123,g1proj,0.3039958355879998,0.6460477255779269,0.5484485056158386,0.10505403230257024,0.023117076808351976,0.002284408909194746,0.9982475764354959,0.7961968680089485,2869,2155,0.1,1.0,0.9800149142431022,0.8137583892617449,1.0
456,unconstrained,0.303360498462256,0.6645041014168531,0.49762040738625546,0.10506111607711183,0.035048471290082026,0.0,0.9978747203579418,0.0008575689783743475,2614,4,0.1,0.009545115585384041,0.9900447427293065,0.8046234153616704,0.20264727815063385
456,g1proj,0.303360498462256,0.6645041014168531,0.49762040738625546,0.10506122815746498,0.038516032811334824,0.0,0.9978747203579418,0.797613721103654,2614,2208,0.1,1.0,0.9895227442207308,0.8068232662192394,1.0
42,m1_g1proj,0.29070629088038935,0.6448173005219985,0.5284599276603845,0.10506551649322286,0.16812080536912752,0.001142204454597373,0.9979865771812081,1.0,2770,2770,0.1,1.0,1.0,1.0,1.0
123,m1_g1proj,0.2975409036437353,0.641834451901566,0.5364553588425661,0.10506523645579299,0.1581282624906786,0.0017133066818960593,0.9982475764354959,1.0,2809,2809,0.1,1.0,1.0,1.0,1.0
456,m1_g1proj,0.30463357034054894,0.6252796420581656,0.5914715400723396,0.10508104682169991,0.1338180462341536,0.00437845040928993,0.9978747203579418,1.0,3084,3084,0.1,1.0,1.0,1.0,1.0
