attack,robust_pr_auc_mean,robust_pr_auc_std,robust_accuracy_mean,robust_accuracy_std,robust_recall_mean,robust_recall_std,adv_feasibility_mean,adv_feasibility_std,adv_g1_installment_mean,adv_g1_installment_std,adv_g2_open_total_mean,adv_g2_open_total_std,adv_g3_bankruptcy_mean,adv_g3_bankruptcy_std,adv_g4_term_ohe_mean,adv_g4_term_ohe_std,flipped_positives_mean,feasible_flipped_mean,filtered_success_rate
unconstrained,0.1050565136227704,3.9918524530269205e-06,0.035906040268456375,0.015398233746669467,0.0007614696363982486,0.001157959743060769,0.0011682823763360676,0.0005062245054540468,0.011869251802137708,0.004923159418815836,0.9845389013174248,0.00515436723503979,0.8023117076808353,0.010081465727874455,0.19156102411135967,0.02889734027620809,2769.3333333333335,3.0,0.001083293211362542
g1proj,0.10505656993548111,4.0395241587326325e-06,0.038864031817051954,0.01592380670694358,0.000824925439431436,0.0012675286728496846,0.7907780263484961,0.010636358175810543,1.0,0.0,0.984489187173751,0.004778525584629479,0.803952274422073,0.01151328612581994,1.0,0.0,2769.0,2111.0,0.7623690863127482
m1_g1proj,0.10507059992357193,9.048362592928036e-06,0.15335570469798657,0.017642358175183042,0.0024113205152611204,0.0017273504142161558,1.0,0.0,1.0,0.0,1.0,0.0,1.0,0.0,1.0,0.0,2887.6666666666665,2887.6666666666665,1.0
