attack,robust_pr_auc_mean,robust_pr_auc_std,robust_accuracy_mean,robust_accuracy_std,adv_feasibility_mean,adv_feasibility_std,adv_i_d_nonneg_mean,adv_i_d_nonneg_std,flipped_positives_mean,flipped_positives_std,feasible_flipped_mean,feasible_flipped_std,n_mutable_dims_mean,filtered_success_rate
unconstrained,0.062601034232708,0.010301188348643995,0.15951231902463803,0.012466167363380163,0.00022577822933419998,0.00021307353132021502,0.5067874580193605,0.3876658601013981,204.33333333333334,5.77350269189626,0.0,0.0,537.0,0.0
oheproj,0.0648548175976355,0.01007586540283938,0.17001100668868,0.013013102645940982,0.5068156802980273,0.38577552595631937,0.5068156802980273,0.38577552595631937,203.66666666666666,6.350852961085882,80.66666666666667,54.26171148547872,537.0,0.3960720130932897
m_tight_oheproj,0.41403207368458245,0.020106726855503992,0.8897073349702255,0.018833820014303213,0.9999435554426664,9.776484111243921e-05,0.9999717777213332,4.888242055626768e-05,2.3333333333333335,2.516611478423583,2.3333333333333335,2.516611478423583,6.0,1.0
m_oheproj,0.4088565367214934,0.04023603566562972,0.8829622103688651,0.01032669335261744,0.9999435554426664,9.776484111251131e-05,0.9999717777213332,4.888242055626768e-05,7.333333333333333,4.618802153517007,7.333333333333333,4.618802153517007,10.0,1.0
m_wide_oheproj,0.0990450425480191,0.011802662589067156,0.7963480371405187,0.0461809537577202,0.9999435554426664,9.776484111243921e-05,0.9999717777213332,4.888242055626768e-05,207.0,18.0,207.0,18.0,155.0,1.0
