variant,cost_scale,mean,median,p95
M0,1.0,0.4532319731444545,0.5072759616960871,0.5138119801080903
M1,1.0,0.4660412049228584,0.5138118029120468,0.5138119881359032
M0,2.0,0.906463946288909,1.0145519233921743,1.0276239602161805
M1,2.0,0.9320824098457168,1.0276236058240935,1.0276239762718065
M0,0.5,0.22661598657222726,0.25363798084804356,0.25690599005404513
M1,0.5,0.2330206024614292,0.2569059014560234,0.2569059940679516
