variant,n_mutable_mean,robust_pr_auc_mean,robust_pr_auc_std,robust_accuracy_mean,robust_accuracy_std,robust_recall_mean,robust_recall_std,robust_f1_mean,robust_f1_std,feasibility_seed42,g1_pass_seed42,g4_pass_seed42
M0,187.66666666666666,0.10506137855853336,6.922092485883265e-06,0.042170022371364656,0.0120340129361732,0.00012691160606637477,0.00021981734977712764,5.162755879088257e-05,8.942155489655784e-05,0.000633855331841909,0.012527964205816556,0.17341536167039523
M1,122.66666666666667,0.10509840644545887,5.31876102843232e-05,0.15846383296047725,0.03100286513977358,0.0017767624849292466,0.00047908080685771617,0.0008324799325325499,0.0002538339032657303,0.002087994034302759,0.010216256524981357,0.1981730052199851
M2,122.66666666666667,0.10509899204791746,5.363882654716813e-05,0.1584389758886403,0.03129158579765646,0.0020305856970619963,0.0005815820413675789,0.0009516113060103176,0.0003065359278256545,0.00197613721103654,0.01081282624906786,0.19910514541387025
M3,121.66666666666667,0.10510166053578585,5.6252262014443334e-05,0.16358438975888642,0.03215006166597582,0.001649850878862872,0.0003962813629290182,0.0007772736260838889,0.00021539734063072213,0.0023862788963460104,0.010775540641312453,0.20018642803877704
M4,120.66666666666667,0.10510173008698585,5.5264665904712764e-05,0.1673253790703455,0.031481427508322266,0.0017767624849292466,0.0005815820413675792,0.0008426614125648227,0.00030239672799023756,0.010439970171513796,0.010439970171513796,1.0
M5,119.66666666666667,0.10510586854699465,5.890407512546971e-05,0.17261993537161321,0.031546738486783986,0.0020305856970619963,0.0007693607242199468,0.0009702826842781285,0.00040128091517822515,0.01070096942580164,0.01070096942580164,1.0
M6strict,73.66666666666667,0.10551322080117669,0.00030432305878343364,0.33957245836440464,0.03749844794557689,0.0070435941366838,0.0023080821726598403,0.004218005589036113,0.0015720856570382274,0.009545115585384041,0.009545115585384041,1.0
M6relaxed,86.66666666666667,0.10527423699009036,0.0001794846970730288,0.2920705940840169,0.03607754584351953,0.004632273621422679,0.001916323227430865,0.002594350301081229,0.0011833836879374937,0.009172259507829978,0.009172259507829978,1.0
