variant,loan_amnt_mean_abs_delta,loan_amnt_pct_changed,annual_inc_mean_abs_delta,annual_inc_pct_changed,dti_mean_abs_delta,dti_pct_changed,emp_length_mean_abs_delta,emp_length_pct_changed,int_rate_mean_abs_delta,int_rate_pct_changed,installment_mean_abs_delta,installment_pct_changed,term_ohe_max_abs_delta
M0,762.8924534709727,0.9893363161819537,7394.760611612256,0.9939970171513796,0.9769607922346595,0.9944817300521999,,0.0,0.4193392937164848,0.9936987322893364,22.68689164411976,0.991275167785235,0.07760942311267147
M1,786.9473704897543,0.990007457121551,7633.511430642089,0.9944444444444445,0.9990100639805365,0.9947800149142431,,0.0,8.019277506069089e-08,0.0,0.004838145574548181,3.728560775540641e-05,0.07644709154212045
M2,784.9000129891725,0.9895227442207308,7642.924488007099,0.9941088739746458,0.9999894812119288,0.9949664429530202,,0.0,8.019277506069089e-08,0.0,0.004838145574548181,3.728560775540641e-05,0.07639223330700735
M3,786.8346473067165,0.9895973154362416,7644.744011723171,0.9938105891126026,1.5165588083326727e-07,0.0,,0.0,8.019277506069089e-08,0.0,0.004838145574548181,3.728560775540641e-05,0.07634211851111672
M4,787.3156442992502,0.9896718866517524,7645.831753841604,0.9942580164056675,0.9993148096887747,0.9944817300521999,,0.0,8.019277506069089e-08,0.0,0.004838145574548181,3.728560775540641e-05,0.0
M5,788.4070528371288,0.9895973154362416,7651.5442280902325,0.994034302759135,1.5165588083326727e-07,0.0,,0.0,8.019277506069089e-08,0.0,0.004838145574548181,3.728560775540641e-05,0.0
M6strict,806.4656097386159,0.9907531692766592,0.0007177299344331505,0.0,1.5165588083326727e-07,0.0,,0.0,8.019277506069089e-08,0.0,0.004838145574548181,3.728560775540641e-05,0.0
M6relaxed,800.5101091845128,0.9909395973154362,7810.362941325282,0.9954511558538404,1.5165588083326727e-07,0.0,,0.0,8.019277506069089e-08,0.0,0.004838145574548181,3.728560775540641e-05,0.0
