variant,g1_installment,g2_open_total,g3_bankruptcy,g4_ohe,aggregate
M0,0.012527964205816556,0.9807606263982103,0.8210290827740492,0.17341536167039523,0.000633855331841909
M1,0.010216256524981357,1.0,1.0,0.1981730052199851,0.002087994034302759
M2,0.01081282624906786,1.0,1.0,0.19910514541387025,0.00197613721103654
M3,0.010775540641312453,1.0,1.0,0.20018642803877704,0.0023862788963460104
M4,0.010439970171513796,1.0,1.0,1.0,0.010439970171513796
M5,0.01070096942580164,1.0,1.0,1.0,0.01070096942580164
M6strict,0.009545115585384041,1.0,1.0,1.0,0.009545115585384041
M6relaxed,0.009172259507829978,1.0,1.0,1.0,0.009172259507829978
